csv_row,title,address,google_maps_url,csv_memo,published_slug,published_name,published_match_score,published_address,published_intro,published_hours,published_closed_days,published_parking,published_dog_area,published_dog_menu,published_rules,published_memo,researched_name,researched_address,researched_hours,researched_closed_days,researched_parking,researched_dog_area,researched_dog_menu,researched_rules,researched_intro,researched_memo,official_site_url,instagram_url,other_source_urls,source_notes,comparison_notes,status
2,山田屋,〒183-0025 東京都府中市矢崎町１丁目３,https://www.google.com/maps/place/%E5%B1%B1%E7%94%B0%E5%B1%8B/data=!4m2!3m1!1s0x6018e4e704119861:0x65602c3c9c39675c,"店内は条件付きでワンコ🆗。
おとなしく出来て他客が問題なければ店内利用可能。
東京競馬場G1開催日、または暖期の他会場G1開催日は外席が設置され山田屋だけでなく他の隣店もワンコ🆗。",,,,,,,,,,,,,山田屋,〒183-0025 東京都府中市矢崎町1丁目3,不明,不明,不明,条件付きで店内可とのメモ（静か・他客への配慮）。東京競馬場G1開催日など外席設置のメモあり,なし,メモベース・要店舗確認,,,,,https://www.google.com/maps/place/%E5%B1%B1%E7%94%B0%E5%B1%8B/data=!4m2!3m1!1s0x6018e4e704119861:0x65602c3c9c39675c,公式サイト・営業時間の一次情報は未確認。Googleマップ上の同名スポットのみ,,researched
3,SOIGIN COFFEE hasami,〒183-0027 東京都府中市本町２丁目２０−２０ ルシェリ・メゾン,https://www.google.com/maps/place/SOIGIN+COFFEE+hasami/data=!4m2!3m1!1s0x6018e5007de91a1f:0x399d8122d72f13fa,外席ベンチあり,,,,,,,,,,,,,SOIGIN COFFEE hasami,〒183-0027 東京都府中市本町2丁目20-20 ルシェリ・メゾン,不明,不明,不明,外席ベンチありとのメモ,なし,不明,,,,,https://cafe-arukist.com/2025/11/17/media-204/,府中オープン報道は確認できたが営業時間・公式URL・公式Instagramの特定には至らず,,researched
4,医食屋nobu 発酵野菜・自然食,〒183-0027 東京都府中市本町１丁目１−２１ ＣＣ ＢＡＳＥ １Ｆ,https://www.google.com/maps/place/%E5%BA%9C%E4%B8%AD%E3%81%A7%E9%87%8E%E8%8F%9C%E3%82%92%E9%A3%9F%E3%81%B9%E3%82%8B%E3%81%AA%E3%82%89%E5%8C%BB%E9%A3%9F%E5%B1%8Bnobu%E7%99%BA%E9%85%B5%E9%87%8E%E8%8F%9C%E3%83%BB%E8%87%AA%E7%84%B6%E9%A3%9F/data=!4m2!3m1!1s0x6018e4fb9596aaab:0xc2635a3889954140,店内ワンコ🆗です。カフェマット必須。,fuchu-01,医食屋nobu 発酵野菜・自然食,0.732,東京都府中市本町2-19-53,"府中にある発酵野菜や自然食が楽しめる、体に優しい料理が自慢のレストラン。
健康志向のランチやディナーを快適な空間でゆっくり味わえます。",11:30〜14:30 / 17:30〜22:00,日曜日・月曜日,なし（近隣コインパーキング利用）,店内OK,なし,カフェマット: 必須,店内ワンコOKで一緒に食事が楽しめます。,医食屋 nobu,東京都府中市本町1-1-21 CC-BASE 1F,火〜日・祝・祝前日 12:00〜19:30（食べログ掲載。12:00〜14:00・17:00〜20:00・売切次第終了の注記あり）,月曜,隣にコインパーキングあり（食べログ掲載）,店内ペット可（食べログ店舗掲載）。カフェマット必須はメモ,なし,食べログにペット可。ベビーカーは外預けの記載あり。カフェマットはメモ,"府中にある発酵野菜や自然食が楽しめる、体に優しい料理が自慢のレストラン。
健康志向のランチやディナーを快適な空間でゆっくり味わえます。",店内ワンコOKで一緒に食事が楽しめます。,https://www.instagram.com/ishokuyanobu,https://www.instagram.com/ishokuyanobu,https://tabelog.com/tokyo/A1326/A132602/13272638/|https://gourmet.aumo.jp/gourmets/1062812,aumo掲載のPeraichi公式URLは404。営業時間は食べログ店舗公式掲載を採用,,researched
5,カフェ開,〒183-0035 東京都府中市四谷１丁目６３−２０,https://www.google.com/maps/place/%E3%82%AB%E3%83%95%E3%82%A7%E9%96%8B/data=!4m2!3m1!1s0x6018e49cf922342b:0xf63351040c0bdaf7,"テラス席とサンルームがワンコ🆗らしいです。
テラス席は屋根付き風防あり。",,,,,,,,,,,,,Cafe開,〒183-0035 東京都府中市四谷1-63-20,11:00〜18:00（ランチLO 13:30）,火曜・水曜,不明（公式に専用駐車場の記載なし）,公式に「ワンちゃんと一緒にくつろげる」とあり。テラス・サンルーム限定はメモ（公式で区分未確認）,なし,不明,,,https://community-cafe-kai.com/,,https://r.gnavi.co.jp/pfh52yh70000/,ぐるなびは定休日表示が一部欠落のため営業時間・定休は公式サイト準拠,,researched
6,スリーアローズブルーイング,〒183-0055 東京都府中市府中町２丁目1−９,https://www.google.com/maps/place/%E3%82%B9%E3%83%AA%E3%83%BC%E3%82%A2%E3%83%AD%E3%83%BC%E3%82%BA%E3%83%96%E3%83%AB%E3%83%BC%E3%82%A4%E3%83%B3%E3%82%B0/data=!4m2!3m1!1s0x6018e50075348823:0x5fef25505e3f4b47,店内立ち飲み。店内と外のテラス席がワンコ🆗,,,,,,,,,,,,,THREE ARROWS BREWING（スリーアローズブルーイング）,東京都府中市府中町2丁目1-9,月火木金土日 14:00〜22:00（食べログ）。水曜定休,水曜,なし（食べログ・府中さんぽ）,屋外テラスあり・犬の散歩途中の利用に言及（府中さんぽ）。店内立ち飲み可はメモ,なし,店内フード持ち込み可（府中さんぽ）,,,https://threearrowsbrewing.com/,https://www.instagram.com/three.arrows.brewing/,https://tabelog.com/tokyo/A1326/A132602/13311113/|https://fuchu-sanpo.toho-house.co.jp/gourmet/bar/fuchu-threearrowsbrewing-w882-20260127/,日曜の早開け12:00〜は府中さんぽにあり食べログ14:00〜と不一致。公式サイトは取得タイムアウトのため食べログ優先,,researched
7,脇町珈琲,〒183-0027 東京都府中市本町２丁目２０−４４ 本町ストア,https://www.google.com/maps/place/%E8%84%87%E7%94%BA%E7%8F%88%E7%90%B2/data=!4m2!3m1!1s0x6018e566619cc099:0x8f565c8a11e5e64d,空いていれば外席ベンチでワンコ🆗らしいです,,,,,,,,,,,,,脇町珈琲,東京都府中市本町2丁目20番44号 本町ストア,火〜金11:00〜19:00・土8:00〜20:00・日8:00〜19:00・祝・祝前日11:00〜19:00（ホットペッパー2025/01/21更新）,月＋平日1日不定休（ホットペッパー掲載）,なし（近隣有料駐車場・ホットペッパー）,メモは店外ベンチ空席時OK。掲載ではテラス席なし（ホットペッパー）,なし,不明,,,https://wakimachicoffee.com/,,https://www.hotpepper.jp/strJ001225466/|https://www.navitime.co.jp/poi?spot=01125-J001225466,犬同伴は公式・掲載で裏付け未確認。外席の有無と犬可否は要確認,,researched
8,スターバックス コーヒー 府中西府店,〒183-0031 東京都府中市西府町２丁目5−７,https://www.google.com/maps/place/%E3%82%B9%E3%82%BF%E3%83%BC%E3%83%90%E3%83%83%E3%82%AF%E3%82%B9+%E3%82%B3%E3%83%BC%E3%83%92%E3%83%BC+%E5%BA%9C%E4%B8%AD%E8%A5%BF%E5%BA%9C%E5%BA%97/data=!4m2!3m1!1s0x6018e5002dadd9e9:0x899e7841c35f64ae,テラス席ワンコ🆗です,fuchu-02,スターバックス コーヒー 府中西府店,1.000,東京都府中市西府町1-52-1,"ドライブの途中やお散歩の休憩にぴったりなスタバ。
開放感のあるスペースで、美味しいコーヒーやフラペチーノを楽しめます。",07:00～22:00,不定休,あり,テラス席のみ,なし,,,スターバックス コーヒー 府中西府店,〒183-0031 東京都府中市西府町2丁目5-7,7:00〜22:00,不定休（公式店舗ページ）,不明（公式は車アクセスのみ・専用駐車場の明記なし）,テラス席あり（第三者店舗レビュー）。ペットはチェーンの一般運用でテラスエリア想定（公式店舗ページにペット明記なし）,なし,不明,"ドライブの途中やお散歩の休憩にぴったりなスタバ。
開放感のあるスペースで、美味しいコーヒーやフラペチーノを楽しめます。",,https://store.starbucks.co.jp/detail-4459/,,https://everyday-starbucks.com/2025/06/02/fuchu-nishifu/,テラス席の有無は店舗レビュー由来。同伴犬ポリシーは店舗ページ未記載のため一般方針レベル,,researched
9,Cafe コットン畑,〒183-0022 東京都府中市宮西町２丁目１３−３ TNK 第2ビル,https://www.google.com/maps/place/Cafe+%E3%82%B3%E3%83%83%E3%83%88%E3%83%B3%E7%95%91/data=!4m2!3m1!1s0x6018e4eff7fa09a3:0x319aeec3204f2aa2,"テラス席ワンコ🆗
就労継続支援B型事業所。ホールスタッフは就労トレーニングが目的の接客なのでご承知おきください。",,,,,,,,,,,,,café コットン畑,〒183-0022 東京都府中市宮西町2丁目13-3 TNK第2ビル,11:00〜15:00（LO 14:30）,土曜・日曜・祝日（NPO公式ページ）,不明（公式に専用駐車場の記載なし）,テラスで犬OKはメモ。公式ページにペット記載なし,なし,不明,,,https://ch-friends.or.jp/cafe-cottonbatake,https://www.instagram.com/cafe.cotton1996,https://maps.app.goo.gl/zzVmf6HvrehQX7hM6,営業時間はNPO公式のアクセス欄。犬エリアはメモのみ,,researched
10,京都ラーメン よこ川,〒183-0055 東京都府中市府中町１丁目５−７ 浦野ビル 1F,https://www.google.com/maps/place/%E4%BA%AC%E9%83%BD%E3%83%A9%E3%83%BC%E3%83%A1%E3%83%B3+%E3%82%88%E3%81%93%E5%B7%9D/data=!4m2!3m1!1s0x6018e50033138905:0xa50b659bfd8a2bba,"外席があってワンコと一緒食べられます
となりの呑み屋のもつしげさんの外席も利用出来ます(系列店)",,,,,,,,,,,,,京都ラーメンよこ川 府中店,東京都府中市府中町1丁目5-7 浦野ビル1F,11:00〜23:00（Yahoo!マップ・ヒトサラ等。深夜帯は情報源で差異あり）,無休（Yahoo!マップ等・要確認）,不明,外席で犬同伴可はメモ。隣接もつしげ外席利用はメモ,なし,不明,,,,,https://map.yahoo.co.jp/v3/place/PSJyXB-XhDo|https://hitosara.com/0031723810/map.html,公式サイト・Instagramは特定できず。犬・外席はメモのみ,,researched
11,もつしげ 府中店,〒183-0055 東京都府中市府中町１丁目5−７,https://www.google.com/maps/place/%E3%82%82%E3%81%A4%E3%81%97%E3%81%92+%E5%BA%9C%E4%B8%AD%E5%BA%97/data=!4m2!3m1!1s0x6018e5c8958f57b1:0xfacabdc8059b849d,暖季は外席が出てワンコ🆗です,fuchu-03,もつしげ 府中店,1.000,東京都府中市府中町1-5-7 浦野ビル 1F,"美味しいもつ焼きが食べられる人気のお店。
活気ある雰囲気の中でお酒やお食事が楽しめます。",平日 16:00〜23:30 / 土日祝 14:00〜23:30,無休,なし（近隣コインパーキング利用）,外席のみ（※暖季限定）,なし,,暖かい季節限定で外席が出ます。,もつしげ 府中店,東京都府中市府中町1丁目5-7 浦野ビル1F,月〜金・祝前・祝後16:00〜23:30（LO料理22:30ドリンク22:45）・土15:00〜23:30・日祝14:00〜22:00（LO料理21:00ドリンク21:15）（食べログ店舗掲載）,年中無休の記載なし（食べログFAQは全曜営業表記）,不明（食べログの駐車場欄は空欄）,暖季の外席で犬OKはメモ,なし,全席喫煙可・未成年入店不可（食べログ掲載）,"美味しいもつ焼きが食べられる人気のお店。
活気ある雰囲気の中でお酒やお食事が楽しめます。",暖かい季節限定で外席が出ます。,,https://www.instagram.com/motsushige.fuchu,https://tabelog.com/tokyo/A1326/A132602/13306727/|https://r.gnavi.co.jp/55whu81a0000/,犬同伴はメモのみ。喫煙・年齢制限は食べログ公式掲載,,researched
12,メディバル × タニタカフェ 東府中,〒183-0005 東京都府中市若松町１丁目５−１８ パークエレメント府中,https://www.google.com/maps/place/%E3%83%A1%E3%83%87%E3%82%A3%E3%83%90%E3%83%AB+%C3%97+%E3%82%BF%E3%83%8B%E3%82%BF%E3%82%AB%E3%83%95%E3%82%A7+%E6%9D%B1%E5%BA%9C%E4%B8%AD/data=!4m2!3m1!1s0x6018e50052c5fb33:0x4cff8fc2c4999289,"テラス席ワンコ🆗です。屋根ありヒーターあり。
モバイルオーダー。
ワンコ同伴はルールがいろいろ決められてるので要確認。
床下かカートのみ🆗、イス上と飼い主膝上は🆖。",fuchu-04,メディバル × タニタカフェ 東府中,1.000,東京都府中市緑町3-5-2,"ヘルシーなメニューが充実しているイタリアン・カフェ。
季節を問わず快適にお食事を楽しめます。",11:00〜15:00 / 17:00〜22:00,火曜日,なし（近隣コインパーキング利用）,テラス席のみ,なし,カート入店: OK,"テラス席は屋根・ヒーターあり。注文はモバイルオーダー。
ワンコは「床下」か「カート」のみOK。イスの上や飼い主の膝の上はNGです。",メディバル×タニタカフェ,東京都府中市若松町1-5-18 パークエレメント府中,月〜土9:00〜21:00(LO20:30) 日11:00〜16:00(LO15:00),なし,あり約2台(ホットペッパー店舗情報2025/10),テラス席のみ同伴可(ホットペッパー),なし,テラスのみ同伴。床下またはペットカート内など細則は公式未掲載のため来店前確認推奨,"ヘルシーなメニューが充実しているイタリアン・カフェ。
季節を問わず快適にお食事を楽しめます。","テラス席は屋根・ヒーターあり。注文はモバイルオーダー。
ワンコは「床下」か「カート」のみOK。イスの上や飼い主の膝の上はNGです。",https://www.tanita.co.jp/tanitacafe/shop/detail/346/,https://www.instagram.com/medibartanitacafe_higashifuchu/,https://www.hotpepper.jp/strJ003944006/|https://retty.me/area/PRE13/ARE25/SUB2501/100001764776/,営業時間はタニタ公式。InstagramはRetty経由表記のため公式確認推奨,,researched
13,Café Brico,〒183-0057 東京都府中市晴見町１丁目２７番１ 常松ビル １階,https://www.google.com/maps/place/Caf%C3%A9+Brico/data=!4m2!3m1!1s0x6018e5f2c9fb867d:0xabe7e23dc06057df,"インナーテラス席がワンコ🆗です。
屋根付き、ヒーターあり。",,,,,,,,,,,,,Café Brico（カフェブリコ）,東京都府中市晴見町1-27-1 常松ビル1F,カフェ9:00〜18:00 平日ディナー18:00〜21:00,不定休(公式アクセス),未掲載,インナーテラス席のみ可とする紹介記事あり,なし,公式ページに同伴条件なし。同伴可否・席種は第三者Web記事ベース,,,https://cafebrico-fuchu.com/,https://www.instagram.com/cafebrico.fuchu.25/,https://mrs.living.jp/musashino/tamamusa_wanko/article/6195243|https://tokyofuchu.goguynet.jp/2025/03/21/shopopen-cafebrico/,同伴エリアはリビングむさしの等。Instagramはオープン報道での言及,,researched
14,アンオフィシャル,〒183-0027 東京都府中市本町２丁目２０−４２,https://www.google.com/maps/place/%E3%82%A2%E3%83%B3%E3%82%AA%E3%83%95%E3%82%A3%E3%82%B7%E3%83%A3%E3%83%AB/data=!4m2!3m1!1s0x6018e529e358007d:0xbf2e7e27a64f9b46,外席ワンコ🆗、購入した生洋菓子・焼き菓子等のイートインやドリンクメニューあり,,,,,,,,,,,,,an official（アン オフィシャル）,東京都府中市本町2-20-42 1F,10:00〜19:00,水曜・第3火曜(公式。イベント・祝日で変更あり),なし近隣コインPあり(公式),外席可のユーザー情報。店内イートインあり(公式・紹介記事),なし,公式に犬同伴の明記なし,,,https://www.anofficial.jp/,https://www.instagram.com/anofficial2020/,https://www.anofficial.jp/access|https://fuchu-sanpo.toho-house.co.jp/gourmet/cake/fuchu-anofficial-w763-20250714/,定休は公式を採用(府中さんぽ記事は旧情報の可能性),,researched
15,農食（NOUSHOKU）レストラン＆ショップ,〒183-0057 東京都府中市晴見町３丁目６,https://www.google.com/maps/place/%E8%BE%B2%E9%A3%9F%EF%BC%88NOUSHOKU%EF%BC%89%E3%83%AC%E3%82%B9%E3%83%88%E3%83%A9%E3%83%B3%EF%BC%86%E3%82%B7%E3%83%A7%E3%83%83%E3%83%97/data=!4m2!3m1!1s0x6018e50076ec9a31:0x89e30ae239e2712f,テラス席ワンコ🆗です,,,,,,,,,,,,,農食（NOUSHOKU）レストラン＆ショップ,東京都府中市幸町3-5-8 東京農工大学府中キャンパス内 西東京国際イノベーション共創拠点1F(プレス)／ユーザー提示〒183-0057晴見町3-6は不一致,11:00〜20:00予定(2025年プレスリリース),要確認,キャンパス施設に準ずる想定(要確認),テラス可はユーザーメモのみ,なし,未確認,,,,,https://foods-ch.infomart.co.jp/news/157920|https://anlg.jp/aurum/(運営ANALOG),一号店住所はANALOGプレス。晴見町住所との同一性は未検証。店舗単体公式URL未確認,,researched
16,Café そらいろ,〒183-0034 東京都府中市住吉町４丁目９−３６,https://www.google.com/maps/place/Caf%C3%A9+%E3%81%9D%E3%82%89%E3%81%84%E3%82%8D/data=!4m2!3m1!1s0x6018e5dc32dead0d:0x8139d07aa15738b5,テラス席ワンコ🆗です。屋根ありで日除け雨除けあり,,,,,,,,,,,,,café そらいろ,東京都府中市住吉町4-9-36,11:00〜16:00(LO15:30),水・日・祝,未掲載,テラス可はユーザーメモ。公式にペット記載なし,なし,要店舗確認,,,https://ch-friends.or.jp/cafe-sorairo,,,https://maps.app.goo.gl/HWXUNZQbLY93wcDS7,,researched
17,Ｄ‐ｋｉｔｃｈｅｎ＆鍼灸BODYCARE,〒183-0035 東京都府中市四谷３丁目４７−４ 大結技建 2階,https://www.google.com/maps/place/%EF%BC%A4%E2%80%90%EF%BD%8B%EF%BD%89%EF%BD%94%EF%BD%83%EF%BD%88%EF%BD%85%EF%BD%8E%EF%BC%86%E9%8D%BC%E7%81%B8BODYCARE/data=!4m2!3m1!1s0x6018e37edb866fb1:0xfe946fee6ec1a25d,"テラス席ワンコ🆗です。
木曜日の昼のみ営業中。",,,,,,,,,,,,,Ｄ‐ｋｉｔｃｈｅｎ＆鍼灸BODYCARE(表記未特定),東京都府中市四谷3-47-4 大結技建2F(ユーザー提示),木曜昼のみ(ユーザーメモ),上記以外は要確認,未確認,テラス可はユーザーメモ,なし,未確認,,,,,,店名・住所一致する公式・主要掲載をWebで特定できず,,researched
19,Caffe&Bar Aeroporto,〒183-0004 東京都府中市紅葉丘３丁目４１−２０,https://www.google.com/maps/place/Caffe%26Bar+Aeroporto/data=!4m2!3m1!1s0x6018e5681e71b833:0xac400b39826aa115,店内ワンコ🆗、店主が動物アレルギーになってしまったため、毛が抜けない犬種＆店内でおとなしく出来るのが条件。,,,,,,,,,,,,,Caffe＆Bar Aeroporto（アエロポルト）,東京都府中市紅葉丘3-41-20 松村荘1F,月・水〜日・祝11:00〜23:00,火曜・第1水曜(ホットペッパー)※Rettyは毎週火のみで差異,なし(ホットペッパー),ホットペッパーはペット可・備考テラスのみだが席欄はテラスなしで矛盾。ユーザーは店内条件付きOK,なし,脱毛の少ない犬種かつ店内で静かにできること等(ユーザーメモ),,,,,https://www.hotpepper.jp/strJ003497847/|https://www.facebook.com/CaffeBar-Aeroporto-アエロポルト-826281490742528/,公式サイト未確認。同伴エリアは掲載間で不整合のため要電話確認,,researched
20,COCOROTUS 府中乃森珈琲店,〒183-0001 東京都府中市浅間町１丁目３−３ 府中市美術館 内,https://www.google.com/maps/place/COCOROTUS+%E5%BA%9C%E4%B8%AD%E4%B9%83%E6%A3%AE%E7%8F%88%E7%90%B2%E5%BA%97/data=!4m2!3m1!1s0x6018e5de127dfd55:0xad51edf82344da99,都立府中の森公園内のカフェ。テラス席ワンコ🆗、日除けパラソルあり。雨除け・風除けなし。,fuchu-05,COCOROTUS 府中乃森珈琲店,1.000,東京都府中市浅間町1-3-1 都立府中の森公園内,"自然豊かな都立府中の森公園の中にある憩いのカフェ。
お散歩の途中に一休みするのに最高のロケーションです。",10:00〜17:00,月曜日（祝日の場合は翌日）,あり（公園有料駐車場）,テラス席のみ,なし,,テラス席は日除けパラソルあり。雨除け・風除けはないため、お天気の良い日がおすすめです。,府中乃森珈琲店（COCOROTUS運営）,東京都府中市浅間町1-3-3 府中市美術館内,10:00〜17:00(LO16:30) テイクアウトのみ時11:00〜15:30,月(祝は翌日)ほか美術館休館・展示替に準ず,公園・美術館の駐車場利用可,テラス席のみ(紹介記事),なし,ペットシート持参必須(府中さんぽ取材記事),"自然豊かな都立府中の森公園の中にある憩いのカフェ。
お散歩の途中に一休みするのに最高のロケーションです。",テラス席は日除けパラソルあり。雨除け・風除けはないため、お天気の良い日がおすすめです。,https://fuchunomoricoffee.com/,,,https://fuchunomoricoffee.com/info/|https://cocorotus.com/|https://fuchu-sanpo.toho-house.co.jp/gourmet/cafe/fuchu-fuchunomoricoffeeten-w774-20250709/,,researched
21,モナムール清風堂 本店,〒183-0023 東京都府中市宮町２丁目１−１,https://www.google.com/maps/place/%E3%83%A2%E3%83%8A%E3%83%A0%E3%83%BC%E3%83%AB%E6%B8%85%E9%A2%A8%E5%A0%82+%E6%9C%AC%E5%BA%97/data=!4m2!3m1!1s0x6018e4e4e2d60287:0x6cf376bec430ca82,"1Fカフェフロアにテラス席ありワンコ🆗。
2Fのレストランメニュー提供も相談出来る模様。",,,,,,,,,,,,,モナムール清風堂本店,東京都府中市宮町2-1-1,フランス菓子・カフェ10:00〜22:00年中無休(公式トップ),なし(カフェ),大國魂神社駐車場(タイムズ)会計に応じ無料サービス券(公式),1Fカフェテラス席可(ユーザーメモ),なし,公式に犬条件の明記なし,,,https://monamour.jp/,,,https://monamour.jp/caffe.php|https://spot.pethomeweb.com/spotDetail.php?id=126195,,researched
22,bake shop pota,〒183-0042 東京都府中市武蔵台３丁目４９−４,https://www.google.com/maps/place/bake+shop+pota/data=!4m2!3m1!1s0x6018e50011a0dae7:0x18398d83bfc4d854,"外席にベンチとテーブルありでワンコ🆗。
テイクアウトメニューのみで、スイーツ系はテイクアウトのみでイートインは無理そう。",,,,,,,,,,,,,Bake shop PoTa（ベイクショップポタ）,〒183-0042 東京都府中市武蔵台3-49-4,火～日 10:00～18:00（ヒトサラ等。ぐるなびは時間未掲載）,月曜（祝日は営業する場合あり・要確認）,不明,ユーザーメモ:外席ベンチ・テーブルあり。店舗公式にペット可の明記は未確認,なし,不明,,,,https://www.instagram.com/bakeshoppota/,https://r.gnavi.co.jp/cuwrn26x0000/|https://hitosara.com/0031673813/,営業時間・定休はヒトサラ・ブログ系。最新はInstagramまたは電話042-359-4632推奨,,researched
23,ことみ食堂,〒183-0014 東京都府中市是政６丁目32−１０,https://www.google.com/maps/place/%E3%81%93%E3%81%A8%E3%81%BF%E9%A3%9F%E5%A0%82/data=!4m2!3m1!1s0x6018e4c385a628f1:0xe63895d1b8f11748,府中市の観光物産館に併設、施設の共用休憩場所としてテラス席がありワンコも🆗。テラス席は共用なので、持ち込み、施設自販機の利用、休日に数台来るキッチンカー商品の飲食も可能,fuchu-06,ことみ食堂,1.000,東京都府中市是政6-32-10 郷土の森観光物産館内,"府中市の観光物産館に併設された食堂。
地元ならではののんびりした雰囲気を楽しめます。",10:00〜16:00,月曜日,あり（無料）,テラス席（共用スペース）,なし,,テラス席は施設の共用スペースのため、持ち込みや施設自販機の利用、休日に来るキッチンカー商品の飲食も可能です。,ことみ食堂（郷土の森観光物産館併設）,〒183-0014 東京都府中市是政6-32-10（郷土の森博物館正門横・市公式表記）,施設開館 10:00～18:00（季節により変更有・府中市公式）,月曜（祝日のときは翌日）・年末年始・臨時休館あり（府中市公式）,観光物産館駐車場あり（台数限定・公式にEV充電器記載）,ユーザーメモ:共用テラス席あり。ペット可は公式未確認,なし,不明,"府中市の観光物産館に併設された食堂。
地元ならではののんびりした雰囲気を楽しめます。",テラス席は施設の共用スペースのため、持ち込みや施設自販機の利用、休日に来るキッチンカー商品の飲食も可能です。,https://www.city.fuchu.tokyo.jp/kanko/shisetsu/kankoubussankan.html,,https://www.kankou-fuchu.com/?p=we-page-entrylist&spotlist=27321&nav=none,食堂単独の最終注文時刻は市ページに別記なし。042-302-4000（物産館）等で要確認,,researched
24,KITCHEN&CAFE-BAR SHINKER,〒183-0006 東京都府中市緑町１丁目17−１８ シャトーアルフィー 1F,https://www.google.com/maps/place/KITCHEN%26CAFE-BAR+%E3%80%8CSHINKER%E3%80%8D(%E3%82%AD%E3%83%83%E3%83%81%E3%83%B3%E3%83%BB%E3%82%AB%E3%83%95%E3%82%A7%E3%83%90%E3%83%BC%E3%80%8C%E3%82%B7%E3%83%B3%E3%82%AB%E3%83%BC%E3%80%8D)/data=!4m2!3m1!1s0x6018e52fbc1a9291:0x804f55c740cce848,"テラス席ワンコ🆗
マンション北側に面しており陽が全く入らないため、夏は涼しく冬は寒い。簡易の雨除けのみ、風除けなし",,,,,,,,,,,,,KITCHEN ＆ CAFE-BAR SHINKER,〒183-0006 東京都府中市緑町1-17-18 シャトーアルフィー1F,公式・主要掲載に営業時間なし（要電話確認）,不定休あり（楽天ぐるなび）,不明,ユーザーメモ:テラス席ワンコOK。店舗公式にペット可の明記は未確認,なし,不明,,,,,https://r.gnavi.co.jp/by13f19y0000/,専用公式サイトは未発見。042-306-9105,,researched
25,coffee and bake douceur,〒183-0045 東京都府中市美好町３丁目１２−５８ Ｋ１５１Ａビル,https://www.google.com/maps/place/coffee+and+bake+douceur/data=!4m2!3m1!1s0x6018e48b5cdf5b39:0xe640961cb734faf7,店内ワンコ🆗、人気店で入店待ちで長時間並ぶ場合あり。予約不可。時間に余裕のあるときの利用を推奨。混雑すると店外待ちもあるので夏場にワンコ連れていくのは注意。,,,,,,,,,,,,,coffee and bake douceur,〒183-0045 東京都府中市美好町3-12-58 K151Aビル1F,月・水～日 12:00～19:00（楽天ぐるなび）,火曜（楽天ぐるなび）,不明,店内同伴可の記載は第三者サイトあり。楽天ぐるなびはペット未記載（要確認）,なし,現金のみ等は第三者掲載。予約不可はユーザーメモ,,,,https://www.instagram.com/coffeeandbakedouceur/,https://r.gnavi.co.jp/pc50ugur0000/|https://www.gurutto-tokyo.com/gourmet/coffeeandbakedouceur/|https://www.life.one-me.jp/shop/1203,独立公式HPは未確認。Instagramの有効性は要確認,,researched
26,府中テラス,〒183-0022 東京都府中市宮西町２丁目2−１２,https://www.google.com/maps/place/%E5%BA%9C%E4%B8%AD%E3%83%86%E3%83%A9%E3%82%B9/data=!4m2!3m1!1s0x6018e59679eac52b:0xd7f84cfb667da5aa,テラス席ワンコ🆗、日除け・風除けあり、日除けがあるので多少の雨なら影響なし。冷房器具および暖房器具の有無は不明。,fuchu-07,BASE S CAFE & DINER FUCHU TERRACE (府中テラス),manual,東京都府中市宮西町2-2-12,"大國魂神社のすぐ目の前にある、開放的なお洒落カフェ＆ダイナー。
けやき並木を眺めながら心地よい時間を過ごせます。",11:00〜22:00,無休,なし（近隣コインパーキング利用）,テラス席のみ,なし,,テラス席は日除け・風除けがあり、多少の雨なら影響なく過ごせます。,府中けやきテラス（Fuchu Keyaki Terrace）,〒183-0022 東京都府中市宮西町2-2-12,11:00～22:00（L.O.21:30）（店舗公式）,年末年始、その他原則なし（店舗公式）,なし（店舗公式「駐車場なし」）,テラス席はペット同伴可（店舗公式明記）,愛犬向け手づくりおやつ「まりあのお菓子」を店頭販売（店舗公式トップ記載）,店内・テラス全面禁煙。敷地隣に市営喫煙所（店舗公式）,,,https://fuchuterrace.2fc-bases.jp/,https://www.instagram.com/base.s_fuchuterrace/,,「府中テラス」は同一住所のけやきテラスと判断,,researched
27,だがや,〒183-0027 東京都府中市本町２丁目１９−５ オルジュ本町２,https://www.google.com/maps/place/%E3%81%A0%E3%81%8C%E3%82%84/data=!4m2!3m1!1s0x6018e4ef69be353f:0x8efbc2466dfc3b53,"暖季に外席を出すときがありワンコ🆗です。
日除け・雨除け・風除けいずれもなし。",,,,,,,,,,,,,だがや,〒183-0027 東京都府中市本町2-19-5 オルジュ本町2 1F,月～金 17:00～24:00、土日祝 12:00～24:00（ヒトサラ）,掲載なし（要確認）,不明,ユーザーメモ:暖季に外席時ワンコOK。掲載で未確認,なし,不明,,,,,https://hitosara.com/0031117449/,寿司店。公式HP未確認,,researched
28,KIZUNADINING&WANTOK CAFE 府中くるる店,〒183-0023 東京都府中市宮町１丁目５０ くるる 1階,https://www.google.com/maps/place/KIZUNADINING%26WANTOK+CAFE+%E5%BA%9C%E4%B8%AD%E3%81%8F%E3%82%8B%E3%82%8B%E5%BA%97/data=!4m2!3m1!1s0x6018e500168ae347:0xabd17cc109578a14,外席ワンコ🆗です,fuchu-08,KIZUNA DINING & WANTOK CAFE 府中くるる店,1.000,東京都府中市宮町1-50 くるる 1F,"府中駅直結の商業施設内にあるダイニングカフェ。
お買い物の合間のランチや休憩にぴったりです。",11:00〜22:00,施設に準ずる（不定休）,あり（施設駐車場）,外席のみ,なし,,,KIZUNA DINING ＆ WANTOK CAFE 府中くるる店,〒183-0023 東京都府中市宮町1-50 くるる1F,カフェ10:00～16:00／平日ランチ11:00～14:00／休日ランチ10:00～16:00／ディナー16:00～23:00（フードL.O.22:00・ドリンクL.O.22:30）（kizunadining.jp）,月曜（祝日の場合は翌日）（kizunadining.jp）,くるる駐車場の利用可否は施設に準拠（要確認）,ユーザーメモ:外席ワンコOK。ブランド公式にペット可の明記は未確認,なし,不明,"府中駅直結の商業施設内にあるダイニングカフェ。
お買い物の合間のランチや休憩にぴったりです。",,https://kizunadining.jp/shop/fuchukururu.html,https://www.instagram.com/kizunadining/,https://www.kururu.co.jp/shop/1f-13/,くるる公式の営業時間表記（平日7:00～等）とブランド公式が不一致のため要確認,,researched
29,CAFE WHANAU,〒183-0045 東京都府中市美好町１丁目18−３ 1F,https://www.google.com/maps/place/CAFE+WHANAU/data=!4m2!3m1!1s0x6018e5c99be1a319:0xb389d78cfc17b9af,テラス席ワンコ🆗です,,,,,,,,,,,,,CAFE WHANAU（CAFE WHĀNAU）,〒183-0045 東京都府中市美好町1-18-3 1F,7:00～17:00（地域情報サイト・ブログ系）,月曜・第2・第4火曜（同上）,不明,ユーザーメモ:テラス席ワンコOK。ブランド公式掲載は取得できず,なし,不明,,,https://www.allpressespresso.com/find/cafe-whanau/,https://www.instagram.com/cafe_whanau/,https://mikke-fuchu.com/whanau/,Allpressページはタイムアウトのため他媒体依存,,researched
30,珈琲鳴館 府中宮町店,〒183-0023 東京都府中市宮町１丁目２５−５,https://www.google.com/maps/place/%E7%8F%88%E7%90%B2%E9%B3%B4%E9%A4%A8+%E5%BA%9C%E4%B8%AD%E5%AE%AE%E7%94%BA%E5%BA%97/data=!4m2!3m1!1s0x6018e4e48693e5fb:0x385467498597b762,暖かい季節のみテラス席ありワンコ🆗、雨除け日除けなし。,fuchu-09,珈琲鳴館 府中宮町店,1.000,東京都府中市宮町2-17-9,"コーヒーの香りにこだわる、落ち着いた雰囲気の珈琲専門店。
本格的なコーヒーを堪能できます。",10:00〜19:00,月曜日,なし（近隣コインパーキング利用）,テラス席のみ（暖かい季節限定）,なし,,暖かい季節のみテラス席が出ます。雨除け・日除けはないため晴れた日がおすすめです。,珈琲鳴館 府中宮町店,〒183-0023 東京都府中市宮町1-25-5 杉村ビル1F,10:00～19:00（珈琲鳴館公式）,月曜（珈琲鳴館公式）,店舗前1台あり（珈琲鳴館公式）,ユーザーメモ:暖かい季節のみテラス席。公式にペット同伴の記載なし,なし,不明,"コーヒーの香りにこだわる、落ち着いた雰囲気の珈琲専門店。
本格的なコーヒーを堪能できます。",暖かい季節のみテラス席が出ます。雨除け・日除けはないため晴れた日がおすすめです。,https://coffeemeikan.jp/shop/fuchu_miyamachi/,,https://r.gnavi.co.jp/ht5pvaxa0000/,テラス有無・ペットは要店舗確認,,researched
31,鈴木屋商店,〒183-0027 東京都府中市本町１丁目２−３ ソネット府中,https://www.google.com/maps/place/%E9%88%B4%E6%9C%A8%E5%B1%8B%E5%95%86%E5%BA%97/data=!4m2!3m1!1s0x6018e4e57e5ba5f5:0x30cceb30dc826435,ワンコのフードやオヤツ売ってます,,,,,,,,,,,,,鈴木屋商店,〒183-0027 東京都府中市本町1-2-3 ソネット府中（地番は各種ビジネスDBと一致）,掲載見つからず（要電話確認）,不明,不明,飲食店ではなく米穀店。同伴エリアの概念は非該当,なし,不明,,,,,https://el.e-shops.jp/local/nsh/7267618795,犬用商品取扱はユーザーメモのみで公式・掲載で未確認。042-361-2172,,researched
32,モンマスティー 東府中店,〒183-0015 東京都府中市清水が丘１丁目４−５０,https://www.google.com/maps/place/%E3%83%A2%E3%83%B3%E3%83%9E%E3%82%B9%E3%83%86%E3%82%A3%E3%83%BC+%E6%9D%B1%E5%BA%9C%E4%B8%AD%E5%BA%97/data=!4m2!3m1!1s0x6018e50e1ca9d665:0x10f6ddb655a9791e,外席ベンチがあります,fuchu-10,モンマスティー 東府中店,1.000,東京都府中市緑町3-18-2,"美味しい紅茶やタピオカドリンクが人気のテイクアウト店。
お散歩中にちょこっと立ち寄るのに便利です。",11:00〜20:00,水曜日,なし,外席（ベンチ）,なし,,,モンマスティー 東府中店（Monmouth Tea）,〒183-0015 東京都府中市清水が丘1-4-50,水・木・金・土・日 10:00〜19:00,月曜・火曜,なし（食べログ掲載）,ユーザーmemo:外席ベンチあり。ペット可否は公式未確認,なし,未掲載,"美味しい紅茶やタピオカドリンクが人気のテイクアウト店。
お散歩中にちょこっと立ち寄るのに便利です。",,http://www.monmouth.jp/,https://www.instagram.com/monmouth_tea.higashifuchu/,https://tabelog.com/tokyo/A1326/A132602/13261008/|https://x.com/monmouth_fuchu,ブランド公式は本店中心。東府中店は店舗Instagram/X・食べログ（店舗公認）で要確認,,researched
33,紅葉,〒183-0003 東京都府中市朝日町２丁目２２−７,https://www.google.com/maps/place/%E7%B4%85%E8%91%89/data=!4m2!3m1!1s0x6018e5682d47aebd:0x52c80d67612b0ec2,西武多摩川線・多磨駅ロータリー傍のたこ焼き屋、イートイン用のベンチスぺースあり。,,,,,,,,,,,,,京風たこ焼き紅葉,〒183-0003 東京都府中市朝日町2-22-7,11:00〜20:30（Uber Eats掲載）,火曜日（Uber Eats掲載）,不明,ユーザーmemo:イートイン用ベンチ。ペット可否は公式未確認,なし,未掲載,,,,,https://tabelog.com/tokyo/A1326/A132602/13129182/|https://www.ubereats.com/jp-en/store/京風たこ焼き-紅葉-kyouhutakoyaki-momiji/po2yaI-8WrixNu7cyqhV4A,独立公式サイトなし。食べログは店舗運営公開。時間は配達枠・要電話確認,,researched
34,（有）越中屋酒店,〒183-0045 東京都府中市美好町２丁目４４−３ みなみ接骨院,https://www.google.com/maps/place/%EF%BC%88%E6%9C%89%EF%BC%89%E8%B6%8A%E4%B8%AD%E5%B1%8B%E9%85%92%E5%BA%97/data=!4m2!3m1!1s0x6018e46077498fe9:0xbbe2c7ce28cd3d14,喫煙席を兼ねた店頭ベンチ席ワンコ🆗、日除け・雨除け・風除けいずれもなし。角打ちに近い形態。つまみは店内の市販商品を購入。,,,,,,,,,,,,,越中屋酒店,〒183-0045 東京都府中市美好町2-44-3,11:00〜23:00（府中タウン新聞・2015年8月取材時点）,日曜に不定休（同記事）,なし（同記事）,ユーザーmemo:店頭ベンチ席ワンコOK。公式未確認,なし,店内飲食は酒屋スタイル。ペット条件は要確認,,,,,http://fuchutown.com/?p=3826|https://hitosara.com/0031424339/,店の独自公式HPは未確認。記事は古いため現状は要電話確認,,researched
35,茶房山もも,〒183-0004 東京都府中市紅葉丘２丁目２９−６ 丸忠山田ビル,https://www.google.com/maps/place/%E8%8C%B6%E6%88%BF%E5%B1%B1%E3%82%82%E3%82%82/data=!4m2!3m1!1s0x6018e5699b3d8737:0x63ef06d9082f4e3e,テラス席ワンコ🆗、ガーデン風で雰囲気良し。,,,,,,,,,,,,,茶房山もも,〒183-0004 東京都府中市紅葉丘2-29-6 丸忠山田ビル,夏季9:00〜18:30・冬季9:00〜17:00（ヒトサラ等）／ホットペッパーは9:00〜18:30のみ,不明（ホットペッパーは未記載）,有（ホットペッパー掲載）,ユーザーmemo:テラス席ワンコOK。公式未確認,なし,未掲載,,,,,https://www.hotpepper.jp/strJ000749950/|https://hitosara.com/0031110589/|https://fjl3.sokowonantoka.com/coffee/,最後のURLは店の非公式紹介ページ。時間は季節・掲載で差あり,,researched
36,サロン・ド・カモシタ,〒183-0032 東京都府中市本宿町２丁目１２−１１,https://www.google.com/maps/place/%E3%82%B5%E3%83%AD%E3%83%B3%E3%83%BB%E3%83%89%E3%83%BB%E3%82%AB%E3%83%A2%E3%82%B7%E3%82%BF/data=!4m2!3m1!1s0x6018e489e8c50eed:0xebf917bf8f93f5eb,"店内ワンコ🆗。
他の利用客から利用同意が得られるのが条件。",,,,,,,,,,,,,サロン・ド・カモシタ,〒183-0032 東京都府中市本宿町2-12-11,月・火・水・金・土・日 11:30〜15:00／18:00〜23:00,木曜日,不明,ユーザーmemo:店内ワンコOKは他客の同意が条件,なし,要確認,,,,https://www.facebook.com/Salonkamoshita/,https://www.ekiten.jp/shop_74966665/|http://fuchutown.com/?p=3853,エキテンがFacebookを公式としてリンク,,researched
37,ロイヤルホスト府中東店,〒183-0006 東京都府中市緑町１丁目14−１,https://www.google.com/maps/place/%E3%83%AD%E3%82%A4%E3%83%A4%E3%83%AB%E3%83%9B%E3%82%B9%E3%83%88%E5%BA%9C%E4%B8%AD%E6%9D%B1%E5%BA%97/data=!4m2!3m1!1s0x6018e4e32fa74039:0xd2ec64efe50896de,テラス席ワンコ🆗、日除けあり。,fuchu-11,ロイヤルホスト 府中東店,1.000,東京都府中市八幡町2-25-1,"安心・定番のファミリーレストラン。
美味しい洋食メニューを外の空気を感じながら楽しめます。",08:00〜23:00,無休,あり,テラス席のみ,なし,,テラス席には日除けがあります。,ロイヤルホスト府中東店,〒183-0006 東京都府中市緑町1-14-1,月〜日 8:00〜23:00（L.O.閉店60分前）,年中無休表記（変更の可能性あり・公式注記）,77台・店舗利用2時間無料（公式）,ユーザーmemo:テラス席ワンコOK。公式店舗ページにペット記載なし,なし,盲導犬等は公式FAQで可。一般ペットは店舗要確認,"安心・定番のファミリーレストラン。
美味しい洋食メニューを外の空気を感じながら楽しめます。",テラス席には日除けがあります。,https://locations.royalhost.jp/detail/111104/,,https://www.royalhost.jp/infomation/faq/,営業・駐車は公式確度高。ペット同伴は第三者情報のため低,,researched
38,cafe bond,〒183-0014 東京都府中市是政５丁目２−８,https://www.google.com/maps/place/cafe+bond/data=!4m2!3m1!1s0x6018e5da931121a7:0xe8b90fd03c58b920,テラス席ワンコ🆗、店頭の１卓のみ、屋根あり。,,,,,,,,,,,,,cafe bond,〒183-0014 東京都府中市是政5-2-8,10:00〜17:30（複数地域メディア。公式サイトは情報薄）,水・日・祝（地域メディア）,不明,ユーザーmemo:店頭テラス1卓・屋根ありワンコOK。公式未確認,なし,未掲載,,,https://bond528.jp/,https://www.instagram.com/bond.koremasa528/,https://imatama.jp/contents/tokuhain/fuchu/cafebond/|https://san-tatsu.jp/spots/91424/,記事により営業時間表記差あり,,researched
39,MR.coffeestand/hamburger,〒183-0031 東京都府中市西府町１丁目46−５,https://www.google.com/maps/place/MR.coffeestand%2Fhamburger/data=!4m2!3m1!1s0x60189349b17c894b:0x8faa5e157b24f4b8,美容室の敷地内の常設キッチンカー、美容室内にカフェスペースがあり混雑していなければ、ワンコ🆗でイートイン利用可,,,,,,,,,,,,,MR.（キッチンカー。ヒトサラ掲載名）,〒183-0031 東京都府中市西府町1-46-5,火〜土 10:00〜16:00,月・日（イベント出張で臨時休業あり）,不明,ユーザーmemo:美容室内カフェスペースは混雑時要確認。公式未確認,なし,ヒトサラに臨時休業注記,,,,https://www.instagram.com/mr.coffeestand/,https://hitosara.com/0031673016/|https://sanshouzi.net/2023/07/11/,表記はMR.coffeestand/hamburgerとMR.の併用,,researched
40,リブラ カフェ ルイ,〒183-0026 東京都府中市南町６丁目２６−８,https://www.google.com/maps/place/%E3%83%AA%E3%83%96%E3%83%A9+%E3%82%AB%E3%83%95%E3%82%A7+%E3%83%AB%E3%82%A4/data=!4m2!3m1!1s0x6018e4c3a3f627ef:0xef6ab229fddfd740,店内ワンコ🆗,,,,,,,,,,,,,リブラ カフェ レイ（同一住所の掲載。ルイは表記揺れの可能性）,〒183-0026 東京都府中市南町6-26-8,不明（ぐるなび等に時間未掲載）,不明,不明,ユーザーmemo:店内ワンコOK。公式未確認,なし,要電話確認,,,,,https://r.gnavi.co.jp/nh50jhbc0000/,公式サイト・SNS未確認。基本情報のみ掲載,,researched
41,シェ アンディ ラボ,〒183-0055 東京都府中市府中町２丁目２０−１３,https://www.google.com/maps/place/%E3%82%B7%E3%82%A7+%E3%82%A2%E3%83%B3%E3%83%87%E3%82%A3+%E3%83%A9%E3%83%9C/data=!4m2!3m1!1s0x6018e4fc79c004ab:0x994f75742a420025,かき氷が有名。ドリンクなども頂ける。店頭ベンチのみワンコ🆗。テイクアウト＆ベンチ用のかき氷メニューあり。,,,,,,,,,,,,,シェ アンディ ラボ（chez andy labo）,〒183-0055 東京都府中市府中町2-20-13 遠藤ビル1F,平日13:00〜18:00・土日祝11:00〜18:00,不定休あり（食べログ注記）,なし（食べログ）,ユーザーmemo:店頭ベンチのみワンコOK。公式未確認,なし,店内5席・予約可などは食べログ掲載,,,,https://www.instagram.com/chez.andy.labo,https://tabelog.com/tokyo/A1326/A132602/13110037/|https://www.facebook.com/profile.php?id=100057105504502,かき氷期は別スケジュールの可能性,,researched
42,モスバーガー 東府中店,〒183-0006 東京都府中市緑町３丁目８−７ シャトー寿 １Ｆ,https://www.google.com/maps/place/%E3%83%A2%E3%82%B9%E3%83%90%E3%83%BC%E3%82%AC%E3%83%BC+%E6%9D%B1%E5%BA%9C%E4%B8%AD%E5%BA%97/data=!4m2!3m1!1s0x6018e5191cb132a3:0xb824ccc460e1073b,テラス席ワンコ🆗、屋根あり,fuchu-12,モスバーガー 東府中店,1.000,東京都府中市緑町3-8-7,"東府中駅近くにある便利なモスバーガー。
お散歩帰りの軽食に立ち寄りやすい店舗です。",09:00～21:00,無休,なし（近隣コインパーキング利用）,テラス席のみ,なし,,テラス席は屋根付きです。,モスバーガー 東府中店,〒183-0006 東京都府中市緑町3丁目8-7 シャトー寿1F,ネット注文のお渡し可能時間 月～祝 09:30～20:00（公式 netorder.mos.co.jp）。店内の営業時間は同ページに記載なし,店舗ページに定休の明記なし（要確認）,要確認（公式店舗個別ページは未参照）,テラス席（ユーザーメモ：ワンちゃんOK・屋根あり。ペット可はモス公式で一律明記されにくい）,なし,テラス・ペット同伴の可否・条件は店舗確認推奨,"東府中駅近くにある便利なモスバーガー。
お散歩帰りの軽食に立ち寄りやすい店舗です。",テラス席は屋根付きです。,https://www.mos.jp,,https://netorder.mos.co.jp/pc/event_shop_detail/04135|https://r.gnavi.co.jp/hp2bsed80000/,住所・電話・お渡し時間はモス公式ネット注文。店内営業時間はぐるなび等第三者,,researched
43,蕎藤,〒183-0006 東京都府中市緑町１丁目１８−２,https://www.google.com/maps/place/%E8%95%8E%E8%97%A4/data=!4m2!3m1!1s0x6018e51ed292b181:0x438df91b581595d7,テラス席ワンコ🆗、仕切りや屋根があるため、日除け・雨除け・風除けいずれもある程度は問題なし。,,,,,,,,,,,,,蕎藤（手打ちそば）,〒183-0006 東京都府中市緑町1丁目18-2,11:30～14:30、17:00～21:00（売切終了あり）／ラストオーダー14:00・20:00,水曜、第3火曜,3台可,屋外テラス席（公式にペット同伴可・格子で囲い日当たり良しと記載）,なし,店内全席禁煙,,,http://www.soba-kyoudou.com/index.html,,,,,researched
44,ワインテラスユーメ府中市イタリアン,〒183-0023 東京都府中市宮町２丁目４−２1階,https://www.google.com/maps/place/%E3%83%AF%E3%82%A4%E3%83%B3%E3%83%86%E3%83%A9%E3%82%B9%E3%83%A6%E3%83%BC%E3%83%A1%E5%BA%9C%E4%B8%AD%E5%B8%82%E3%82%A4%E3%82%BF%E3%83%AA%E3%82%A2%E3%83%B3/data=!4m2!3m1!1s0x6018e4e4591185fd:0xc2828165a32e1742,テラス席ワンコ🆗、日除け・雨除けあり。風除けなし。,fuchu-13,ワインテラス ユーメ（Wine Terrace Yu-me）,manual,東京都府中市宮町2-4-2,"創作イタリアンとワインが楽しめるおしゃれなお店。
ちょっと特別感のあるランチやディナーを過ごせます。",11:30〜14:30 / 17:30〜22:00,月曜日,なし（近隣コインパーキング利用）,テラス席のみ,なし,,テラス席は日除け・雨除けがありますが、風除けはありません。,Wine Terrace Yu-me,〒183-0023 東京都府中市宮町2丁目4-2 1F,ランチ11:30～15:30（L.O.14:30）／ディナー17:00～23:00（L.O.21:30）※同一公式内に11:30～15:00・17:30～22:00等の併記あり,月曜定休＋不定休あり,専用駐車場の明記は公式に乏しくコインパーキング近接（アクセス文脈）,外テラス（公式Contactにペット連れ可の記載）,なし,ディナーは小学生以上／ランチは未就学児可（公式）,,,https://wineterraceyume.com/,https://www.instagram.com/wineterraceyume,https://wineterraceyume.com/contact,公式サイト・Contact。営業時間表記がページ内で一部不一致,,researched
45,428cafe+,〒183-0035 東京都府中市四谷２丁目41−３,https://www.google.com/maps/place/428cafe%2B/data=!4m2!3m1!1s0x6018e5cdc169736f:0xe253346ff4538dab,テラス席ワンコ🆗です、日よけのパラソルのみ,,,,,,,,,,,,,428cafe+,〒183-0035 東京都府中市四谷2丁目41-3,カフェ11:00～18:00（ランチ15:00まで）／ディナー完全予約18:00・19:00～,月曜（月曜が祝日の場合は翌日休み）,提携・近隣駐車4台等（敷地内に駐車場なしと公式記載）,テラス席（ユーザーメモ：ワンちゃんOK・日よけはパラソルのみ。公式TOPで犬の明記は未取得）,なし,公式にリフォーム等の休業告知あり（来店前に要確認）,,,https://btf-428cafe.com/,https://www.instagram.com/btf.428cafe,https://btf-428cafe.com/contact,公式。犬エリアはユーザーメモ依存,,researched
46,cafe dining giraffe カフェダイニング ジラフ,〒183-0005 東京都府中市若松町１丁目1−４ ライトルヴェ 1F,https://www.google.com/maps/place/cafe+dining+giraffe+%E3%82%AB%E3%83%95%E3%82%A7%E3%83%80%E3%82%A4%E3%83%8B%E3%83%B3%E3%82%B0+%E3%82%B8%E3%83%A9%E3%83%95/data=!4m2!3m1!1s0x6018e50e6c504c39:0x260295837b4d6ba9,テラス席ワンコ🆗です、日除け雨除けあり,,,,,,,,,,,,,cafe dining giraffe,〒183-0005 東京都府中市若松町1丁目1-4 ライトルヴェ 1F,月～金18:00～翌3:00（21:00～バー）／土日祝11:00～翌3:00（21:00～バー）,火曜、第1・第3月曜、その他不定休,無,テラス・屋外席あり（GORP）。犬可はユーザーメモのみでGORPにペット欄なし,なし,店内全面禁煙・店外に喫煙スペース（GORP）,,,https://gj1g200.gorp.jp/,,,モスバーガー系チェーンではなく店舗公式連携GORP。ペットは要確認,,researched
47,お食事処ちゃちゃ,〒183-0055 東京都府中市府中町２丁目1−８ ロイヤルパレス 1F,https://www.google.com/maps/place/%E3%81%8A%E9%A3%9F%E4%BA%8B%E5%87%A6%E3%81%A1%E3%82%83%E3%81%A1%E3%82%83/data=!4m2!3m1!1s0x6018e59df54753f3:0xf05ca06ba6c335d6,店頭テラス席ワンコ🆗、日除け・雨除け・風除けいずれもなし。冬はヒーターが出る。定食がとてもおいしい。,,,,,,,,,,,,,府中の町居酒屋 お食事処ちゃちゃ 府中店,〒183-0055 東京都府中市府中町2丁目1-8 ロイヤルパレス 1F,月～金昼11:30～15:00／月～日・祝前・祝夜17:00～24:00（L.O.等はGORP表記）,不定休日あり,無（目の前コインパーキング）,テラス・屋外席（GORPにペット同伴OK）,なし,加熱式たばこ店内可・紙たばこはテラス等（GORP）。コース名にテラスこたつ等の記載あり,,,https://ggz3700.gorp.jp/,,,GORP。冬ヒーター等はユーザーメモ未検証,,researched
48,タリーズコーヒー MINANO分倍河原店,〒183-0021 東京都府中市片町３丁目２２−２６,https://www.google.com/maps/place/%E3%82%BF%E3%83%AA%E3%83%BC%E3%82%BA%E3%82%B3%E3%83%BC%E3%83%92%E3%83%BC+MINANO%E5%88%86%E5%80%8D%E6%B2%B3%E5%8E%9F%E5%BA%97/data=!4m2!3m1!1s0x6018e4ed8210dfc5:0x149acd358d4c38a7,外席ワンコ🆗、商業施設1Fで屋根あり,,,,,,,,,,,,,タリーズコーヒー MINANO分倍河原店,〒183-0021 東京都府中市片町3丁目22-26,月～金8:00～20:00／土日9:00～20:00,店舗ページに定休の個別記載なし（要確認）,要確認（商業施設1F）,外席（ユーザーメモ：ワンちゃんOK・屋根あり。公式にペット明記なし）,なし,加熱式たばこ専用室あり・キッズスペース等（公式）,,,https://www.tullys.co.jp,,https://shop.tullys.co.jp/detail/4570495,タリーズ公式店舗ページ,,researched
49,府中餃子バルあわ屋,〒183-0022 東京都府中市宮西町２丁目９−８ 草舎 2 1F,https://www.google.com/maps/place/%E5%BA%9C%E4%B8%AD%E9%A4%83%E5%AD%90%E3%83%90%E3%83%AB%E3%81%82%E3%82%8F%E5%B1%8B/data=!4m2!3m1!1s0x6018e4faab110001:0xf865bf89fb10264f,テラス席ワンコ🆗、屋根あり、風除けあり、スポットクーラーあり、業務用のスポットヒーターあり(真冬でもとても暖かい),fuchu-14,府中餃子バルあわ屋,1.000,東京都府中市宮西町2-3-1,"美味しい餃子と一緒にお酒が楽しめる餃子バル。
1年中快適に過ごせる設備が整っています。",平日 17:00〜24:00 / 土日祝 15:00〜24:00,不定休,なし（近隣コインパーキング利用）,テラス・屋外席,なし,,テラス席は屋根・風除けがあり、スポットクーラーや業務用のヒーターまで完備されています。真冬でも暖かく過ごせます。,府中 餃子バル あわ屋,〒183-0022 東京都府中市宮西町2丁目9-8 草舎2 1F,月～金17:00～23:30（L.O.23:00）／土日祝14:00～23:30（L.O.23:00）,不定休日あり,無（目の前コインパーキング）,テラス（GORP：ペット同伴OK。テラス喫煙可の記載）,なし,店内禁煙・テラス喫煙可（GORP）,"美味しい餃子と一緒にお酒が楽しめる餃子バル。
1年中快適に過ごせる設備が整っています。",テラス席は屋根・風除けがあり、スポットクーラーや業務用のヒーターまで完備されています。真冬でも暖かく過ごせます。,https://a450208.gorp.jp/,,,GORP。風除け・スポットクーラー等はユーザーメモ,,researched
50,ワインショップイルサヴィーノ,〒183-0022 東京都府中市宮西町４丁目4−３,https://www.google.com/maps/place/%E3%83%AF%E3%82%A4%E3%83%B3%E3%82%B7%E3%83%A7%E3%83%83%E3%83%97%E3%82%A4%E3%83%AB%E3%82%B5%E3%83%B4%E3%82%A3%E3%83%BC%E3%83%8E/data=!4m2!3m1!1s0x6018e59d3898ad27:0xc34df23e7f2ed698,テラス席ワンコ🆗です、周囲が建物に囲まれてて、日が傾く時間は日かげになる、雨除け風除けなし,,,,,,,,,,,,,wineshop.il.savino,〒183-0022 東京都府中市宮西町4丁目4-3,月～水・金・土13:00～24:00（一部ソースは23:30）／日13:00～17:00,木曜（複数第三者一致）,要確認,テラス席（ユーザーメモ：ワンちゃんOK。公式サイト未発見）,なし,要確認,,,,,https://r.gnavi.co.jp/fparr8m80000/|https://retty.me/area/PRE13/ARE25/SUB2501/100001623156/,公式URL未確認。営業終了時刻はソース間で揺れ,,researched
51,マクドナルド 四谷橋通り府中店,〒183-0036 東京都府中市日新町２丁目３３−３,https://www.google.com/maps/place/%E3%83%9E%E3%82%AF%E3%83%89%E3%83%8A%E3%83%AB%E3%83%89+%E5%9B%9B%E8%B0%B7%E6%A9%8B%E9%80%9A%E3%82%8A%E5%BA%9C%E4%B8%AD%E5%BA%97/data=!4m2!3m1!1s0x6018e47f06cfab77:0x5ef06fbda6e1567,テラス席ワンコ🆗です,fuchu-15,マクドナルド 四谷橋通り府中店,1.000,東京都府中市四谷2-15-2,"サクッと立ち寄れる便利なマクドナルド。
お天気の良い日はお外でハンバーガーを楽しめます。",06:00〜23:00,無休,あり,テラス席のみ,なし,,,マクドナルド 四谷橋通り府中店,〒183-0036 東京都府中市日新町2丁目33-3,店内・ドライブスルー 平日土休日 7:00～23:00／朝マック 平日7:00～10:30（公式表・土休朝マック欄は空欄）,年中無休（特定店舗表記あり）,あり23台（公式店舗ページ）,テラス（ユーザーメモ：ワンちゃんOK。マック公式にペット一律明記なし）,なし,外席利用は店舗・安全衛生上の判断に依存し得る,"サクッと立ち寄れる便利なマクドナルド。
お天気の良い日はお外でハンバーガーを楽しめます。",,https://www.mcdonalds.co.jp,,https://map.mcdonalds.co.jp/map/13762,日本マクドナルド公式店舗マップ,,researched
52,スターバックス コーヒー 府中くるる店,〒183-0023 東京都府中市宮町１丁目50 くるる,https://www.google.com/maps/place/%E3%82%B9%E3%82%BF%E3%83%BC%E3%83%90%E3%83%83%E3%82%AF%E3%82%B9+%E3%82%B3%E3%83%BC%E3%83%92%E3%83%BC+%E5%BA%9C%E4%B8%AD%E3%81%8F%E3%82%8B%E3%82%8B%E5%BA%97/data=!4m2!3m1!1s0x6018e4e4b9c458ef:0x593f3854649177de,テラス席ワンコ🆗、日除け・雨除け・風除けいずれもなし,fuchu-16,スターバックス コーヒー 府中くるる店,1.000,東京都府中市宮町1-50 くるる,"府中駅直結の商業施設「くるる」にあるスターバックス。
フラペチーノやコーヒーを片手にのんびりできます。",07:00〜22:30,不定休,あり（施設駐車場）,テラス席のみ,なし,,テラス席には日除け・雨除け・風除けがないため、天候の良い日がおすすめです。,スターバックス コーヒー 府中くるる店,〒183-0023 東京都府中市宮町1-50 くるる,07:00～22:30,不定休,店舗公式ページに駐車場の記載なし（近隣有料駐車場利用想定）,店舗公式にペット可否の記載なし。SB公式の一般的説明として介助犬以外の店内同伴は不可かつテラスは店舗判断が多い。テラス席あり（ユーザーmemo:テラスワンコOK）,なし,テラス利用の可否・条件は来店前に店舗へ確認推奨,"府中駅直結の商業施設「くるる」にあるスターバックス。
フラペチーノやコーヒーを片手にのんびりできます。",テラス席には日除け・雨除け・風除けがないため、天候の良い日がおすすめです。,https://store.starbucks.co.jp/detail-589/,,https://www.starbucks.co.jp/,公式店舗ページで住所・営業時間を確認。ペットは店別のため要確認,,researched
53,御休み処,〒183-0023 東京都府中市宮町３丁目１,https://www.google.com/maps/place/%E5%BE%A1%E4%BC%91%E3%81%BF%E5%87%A6/data=!4m2!3m1!1s0x6018e4e51659aaab:0x25dac05aab50e1c3,"店頭のベンチ席ワンコ🆗、神社内にあり雰囲気がある穴場。植樹が多く日除けは問題なし。
雨除け・風除けはなし。",,,,,,,,,,,,,はーもにぃ御休み処,〒183-0023 東京都府中市宮町3-1,10:00～17:00,第1・第3水曜（グルメ掲載）,不明,飲食店公式にペット記載は未確認。ユーザーmemo:店頭ベンチ席ワンコOK・神社内,なし,不明,,,,,https://www.hotpepper.jp/strJ000718721/; https://matome.miil.me/miil/venues/851653,住所一致で特定。別の『御休み処』表記の可能性は残る,,researched
54,菩提樹,〒183-0027 東京都府中市本町１丁目１６−１４,https://www.google.com/maps/place/%E8%8F%A9%E6%8F%90%E6%A8%B9/data=!4m2!3m1!1s0x6018e4e69173bdbd:0xa966ba2b297ff4ce,テラス席ワンコ🆗、日除け・雨除け・風除けいずれもなし。,,,,,,,,,,,,,菩提樹,〒183-0027 東京都府中市本町1-16-14,11:00～17:00（非公式応援サイト）／12:00～17:00火水土日等の掲載もあり,木・金（非公式）／月・木・金（他媒体）など文献不一致,不明,店舗公式のペット記載なし。非公式サイトにテラス席ありの記載。ユーザーmemo:テラスワンコOK,なし,不明,,,,,https://tzi3.shironuri.com/coffee/; https://r.gnavi.co.jp/714gzbu90000/,公式店舗HP未特定。営業日時は042-363-3780で要確認,,researched
55,バイキングレストラン 東北牧場,〒183-0055 東京都府中市府中町１丁目５−１ ホテルコンチネンタル 府中 新館１階,https://www.google.com/maps/place/%E3%83%90%E3%82%A4%E3%82%AD%E3%83%B3%E3%82%B0%E3%83%AC%E3%82%B9%E3%83%88%E3%83%A9%E3%83%B3+%E6%9D%B1%E5%8C%97%E7%89%A7%E5%A0%B4/data=!4m2!3m1!1s0x6018e4fb50425a2f:0xf54354f6ec50b4dc,ホテル1Fのレストラン、テラス席ワンコ🆗、屋根ありだが、冷暖房器具はなし、冬は寒い、BBQや鍋プランなどいろんな企画がある。,,,,,,,,,,,,,バイキングレストラン東北牧場,〒183-0055 東京都府中市府中町1-5-1 ホテルコンチネンタル府中 新館1階,朝食7:00-9:30 ランチ11:30-15:00 ディナー17:00-22:00,店舗ページに定休の明記なし,ホテルは専用駐車場なし・提携駐車場案内あり（ホテル公式アクセス）,公式レストラン詳細に「テラス（テラス席ペット可）20席」の記載。室内はペット可否の明記なし,なし,テラス席ペット可の公式記載あり。その他条件は要確認,,,https://www.hotel-continental.co.jp/dining/restaurant-tohoku-farm/,,https://www.hotel-continental.co.jp/dining/,ホテル公式で営業時間・テラスペット可を確認,,researched
56,コパデカフェ（CopadeCafe）,〒183-0056 東京都府中市寿町１丁目１−３２ 清水ビル,https://www.google.com/maps/place/%E3%82%B3%E3%83%91%E3%83%87%E3%82%AB%E3%83%95%E3%82%A7%EF%BC%88CopadeCafe%EF%BC%89/data=!4m2!3m1!1s0x6018e4faf0edd263:0x24e87346bde0184b,店頭にワンコ連れ向けの休憩ベンチスペースあり。屋根あり。,,,,,,,,,,,,,コパデ・カフェ,〒183-0056 東京都府中市寿町1-1-32 清水ビル1F,月～土9:00～20:30 日祝10:00～20:30（グルメ媒体）,無休とする掲載あり（要確認）,不明,Jimdo公式にペット記載は取得できず。ユーザーmemo:店頭休憩ベンチ・屋根あり,なし,不明,,,https://copadecafe.jimdofree.com/,,https://r.gnavi.co.jp/c3t9fegg0000/,営業時間は公式トップから全文取得できず媒体で補完,,researched
57,インディハウス,〒183-0054 東京都府中市幸町１丁目１９−１,https://www.google.com/maps/place/%E3%82%A4%E3%83%B3%E3%83%87%E3%82%A3%E3%83%8F%E3%82%A6%E3%82%B9/data=!4m2!3m1!1s0x6018e4f8d1e09c05:0x5af9782e2b12cc05,ドッグフレンドリー、店内ワンコ🆗、ワンコメニュー豊富、記念日向けケーキなどの依頼も可能。,,,,,,,,,,,,,Dog Arts and Cafe インディハウス,〒183-0054 東京都府中市幸町1-19-1,10:00～19:00（紹介記事等・公式トップは要再確認）,毎週火曜・水曜（祝日は営業）公式カレンダー,紹介記事に店舗前4台程度の記載あり（要電話確認）,公式:ワンちゃんと店内同伴可・テラスあり,公式に犬用メニュー（wan-menu等）を掲載,公式「Wanの入店のお願い」参照,,,https://www.indy-house.com/,,https://www.honda.co.jp/dog/travel/data/shop-in/,営業終了時刻は公式最新表示と照合推奨,,researched
58,立ち呑み たぬき,〒183-0027 東京都府中市本町２丁目２０−７１,https://www.google.com/maps/place/%E7%AB%8B%E3%81%A1%E5%91%91%E3%81%BF+%E3%81%9F%E3%81%AC%E3%81%8D/data=!4m2!3m1!1s0x6018e4ef441c2065:0xa721a774e6e25f72,外席ワンコ🆗、雨除け・風除けなし。夜のみなので日除けの考慮不要。冬は一部コタツ席にするとの情報あるが未確認。,,,,,,,,,,,,,立ち呑みたぬき,〒183-0027 東京都府中市本町2-20-71,月・水～土11:30～23:00 日祝11:00～22:00（口コミ系サイト）,火曜日,不明,店舗公式のペット記載なし。ユーザーmemo:外席ワンコOK,なし,不明,,,,,https://rtrp.jp/spots/446fd9dc-11fe-4ca1-a82e-9f08b4738191/; https://retty.me/area/PRE13/ARE25/SUB2501/100000953471/,yakitori-tanuki.comは熊本別店のため無関係,,researched
59,アラカラバル,〒183-0027 東京都府中市本町２丁目１９−５５ オルジュ本町 1F,https://www.google.com/maps/place/%E3%82%A2%E3%83%A9%E3%82%AB%E3%83%A9%E3%83%90%E3%83%AB/data=!4m2!3m1!1s0x6018e4ef5cdf3217:0xaa9ceb001dea6365,外席ワンコ🆗、マンション1Fの一部スペースを利用するため雨除け日除けは問題なし。風除け、暖房器具なし。夏場はスポットクーラーあり。,,,,,,,,,,,,,手造りダイニングバー アラカラバル,〒183-0027 東京都府中市本町2-19-55 オルジュ本町1F,月18:00～24:00(LO23:30) 水～土同 日15:00～22:00(LO21:00)（ヒトサラ）,火曜日,不明,テラス席ありの紹介あり。ペット可否は公式特記未確認。ユーザーmemo:外席ワンコOK,なし,不明,,,,https://www.instagram.com/arakarabar/,https://hitosara.com/0031247713/; https://www.enjoytokyo.jp/spot/l_20012347/,Instagramアカウントは第三者情報のため公式確認推奨,,researched
60,東京いちごカフェ,〒183-0045 東京都府中市美好町３丁目16−２,https://www.google.com/maps/place/%E6%9D%B1%E4%BA%AC%E3%81%84%E3%81%A1%E3%81%94%E3%82%AB%E3%83%95%E3%82%A7/data=!4m2!3m1!1s0x6018e5062c665ebb:0xd95b7d27452348be,外席ワンコ🆗。イステーブルがあるのみで、雨除け日除けもなし。,,,,,,,,,,,,,Tokyo Strawberry Cafe（東京いちごカフェ）,〒183-0045 東京都府中市美好町3-16-2,11:00～18:00（外部掲載）／店内L.O.16:30は2025-07-29公式ニュース,火曜定休の外部掲載あり（公式カレンダーで要確認）,契約コインパーク有・2000円以上で1時間無料（公式サイトNews英語表記）,公式にペット可否の記載なし。ユーザーmemo:外席ワンコOK,なし,不明,,,https://fuchu-ichigogari.com/ja/cafe/,https://www.instagram.com/fuchu.ichigogarien/,https://haveagood.holiday/spots/2658223,定休は公式カレンダー・LINEで裏取り推奨,,researched
61,湘南パンケーキ 府中店,〒183-0055 東京都府中市府中町１丁目3−６ ぷらりと京王府中 １階,https://www.google.com/maps/place/%E6%B9%98%E5%8D%97%E3%83%91%E3%83%B3%E3%82%B1%E3%83%BC%E3%82%AD+%E5%BA%9C%E4%B8%AD%E5%BA%97/data=!4m2!3m1!1s0x6018e5d5f79a77a1:0x9211e9f94272ba6a,テラス席ワンコ🆗、駅架線下にあるため、雨除け日除けは問題なし。,fuchu-18,湘南パンケーキ 府中店,1.000,東京都府中市府中町1-3-6 ぷらりと京王府中 1F,"ふわふわの絶品パンケーキが味わえるカフェ。
スイーツタイムをゆっくり堪能できます。",10:00〜21:00,無休,あり（施設駐車場）,テラス席のみ,なし,,駅の高架下にあるため、テラス席でも日除けや雨除けの心配なく過ごせます。,湘南パンケーキ府中店,〒183-0055 東京都府中市府中町1-3-6 ぷらりと京王府中1階,10:00～22:00 L.O.21:00,公式に定休の固定表記なし（変更あり得る旨あり）,駅直結モール利用想定（詳細はモール側要確認）,公式ニュース:府中店はテラス席のみペット同伴可,なし,公式ニュース記載の同伴ルール（テーブル・椅子不可、キャリー等、排泄、配慮等）に従う,"ふわふわの絶品パンケーキが味わえるカフェ。
スイーツタイムをゆっくり堪能できます。",駅の高架下にあるため、テラス席でも日除けや雨除けの心配なく過ごせます。,https://shounan-pancake.jp/fuchu/,https://www.instagram.com/shonan.pancake/,https://shounan-pancake.jp/news/1390/,営業時間は府中店公式ページ、ペットは同一公式ニュースで確認,,researched
62,博多キッチン もぐもぐ,東京都府中市本町2-20-11,https://www.google.com/maps/search/?api=1&query=%E5%8D%9A%E5%A4%9A%E3%82%AD%E3%83%83%E3%83%81%E3%83%B3+%E3%82%82%E3%81%90%E3%82%82%E3%81%90+%E5%BA%9C%E4%B8%AD,外席ペットOKです。,,,,,,,,,,,,,博多キッチン もぐもぐ,東京都府中市本町2-20-11,月〜金 11:00〜15:00 / 17:00〜23:00（料理L.O.22:00 / ドリンクL.O.22:30）・土 16:00〜23:00（料理L.O.22:00 / ドリンクL.O.22:30）・日祝 16:00〜22:00（料理L.O.21:00 / ドリンクL.O.21:30）,不定休日あり,なし（近隣コインパーキング利用）,外席・ベンチ席,なし,,炊き餃子やもつ鍋など博多料理を楽しめる居酒屋。 駅近で立ち寄りやすく、友人同士や家族でゆっくり食事ができます。,外席ペットOKです。,https://mogumogu.owst.jp/,https://www.instagram.com/mono2_mogu2/,https://www.hotpepper.jp/strJ003432079/|https://r.gnavi.co.jp/h06vydkr0000/,名称、住所、営業時間、駐車場情報を更新。,,researched
